=== INPUT ===
Staff members who are movie buffs

=== OUTPUT ===

=== QUERY PLAN ===
To identify staff members who are movie buffs, we would need to retrieve data from the `team` table to get information about staff members and the `movie_cm` table to see which staff members are associated with movies as actors.

We can retrieve the `username` and `email` of staff members who are movie buffs by checking if their `id` exists in the `movie_cm` table.

Here is the Python script to retrieve the relevant data:

```
data = executor.get_from_database("SELECT t.username, t.email FROM team t WHERE t.id IN (SELECT DISTINCT m.id FROM team t JOIN movie_cm m ON t.id = m.id)")
for row in data:
    executor.output(f'Username: {row["username"]}, Email: {row["email"]}')
```
=== EXECUTION RESULT ===
Username: fay.kub, Email: hartmann1448@ratkehaley.com
Username: gaston.wuckert, Email: mclaughlin3045@kleinwisokyandswaniawski.com
Username: lewis.damore, Email: ondricka8612@baileykeebler.com
Username: jannette.effertz, Email: walsh2658@corkeryinc.com
Username: rona.wolf, Email: fritsch2775@rempelsanfordandprice.com
Username: patrick.hudson, Email: dickinson5918@hermanreynoldsandsatterfield.com
Username: natisha.pfannerstill, Email: schiller1207@bradtkewatersandkeebler.com
Username: shantae.grady, Email: feest4324@jenkinshomenick.com
Username: karl.little, Email: balistreri1812@rennerandsons.com
Username: valentin.yundt, Email: ondricka8711@terryandsons.com
Username: warner.herman, Email: cronin4447@kihnpouros.com
Username: takisha.johnson, Email: torphy171@monahanwill.com
Username: makeda.abernathy, Email: feeney3290@fritschwillandprice.com
Username: erlinda.kuhn, Email: ohara5149@cummerataandsons.com
Username: carson.schinner, Email: swaniawski5800@mosciskiinc.com
Username: sol.walsh, Email: swift7883@greenholtwolffanddietrich.com
Username: stephania.friesen, Email: dibbert8844@kuvalisheaney.com
Username: cedric.beer, Email: wiegand8454@carterandsons.com
Username: babette.marvin, Email: williamson1919@lynchkris.com
Username: herb.buckridge, Email: zieme7481@ondrickacreminandoconnell.com
Username: nestor.schmeler, Email: sporer5957@hickledibbert.com
Username: danyel.glover, Email: veum9366@stantongroup.com
Username: gala.auer, Email: emmerich7529@lueilwitzandsons.com
Username: roxann.dooley, Email: kovacek4641@hauckwolfandrodriguez.com
Username: lilla.gutmann, Email: hansen6265@bogandickens.com
Username: cinda.kunze, Email: bosco9017@cruickshankgroup.com
Username: lauren.maggio, Email: jacobson5760@johnstonsporer.com
Username: lenora.johnston, Email: damore5311@ortizkilback.com
Username: alejandra.hettinger, Email: crist6700@cruickshankrogahn.com
Username: trevor.roberts, Email: dach367@bechtelarllc.com
Username: pam.hand, Email: emmerich2148@purdyhammes.com
Username: john.purdy, Email: doyle7831@turnerquitzon.com
Username: cody.denesik, Email: schoen316@kunzehermann.com
Username: florance.upton, Email: abshire1922@torphyandsons.com
Username: ashley.greenfelder, Email: strosin5729@ullrichbechtelarandraynor.com
Username: jerry.bradtke, Email: fay7591@wisozkhowell.com
Username: winston.brakus, Email: fritsch6537@friesenrath.com
Username: eugene.okuneva, Email: harris6589@jonesbodeandanderson.com
Username: thanh.raynor, Email: howell9178@handgreenfelderandsimonis.com
Username: bernice.fay, Email: renner2227@gleasonfeeney.com
Username: addie.zulauf, Email: cruickshank9198@jastandsons.com
Username: ozell.doyle, Email: ruecker755@orngroup.com
Username: alan.kertzmann, Email: reichert3953@collierbeerandbeer.com
Username: alvaro.gulgowski, Email: marvin870@kingandsons.com
Username: brad.ullrich, Email: swift5454@hegmannandsons.com
Username: tristan.bogisich, Email: bogan7957@greenholtgroup.com
Username: jaclyn.mante, Email: predovic8702@sengerharber.com
Username: alfredia.frami, Email: doyle1472@oconnellconnellyandluettgen.com
Username: silas.bode, Email: stark2038@jenkinsgroup.com
Username: riley.klocko, Email: kiehn393@greenziemann.com
Username: florencio.dare, Email: shields3855@wintheiserdonnelly.com
Username: janett.rau, Email: rohan3707@kuhicgloverandcrooks.com
Username: randolph.koepp, Email: carter787@langinc.com
Username: lucina.brakus, Email: schinner6947@tillmangroup.com
Username: jennefer.kiehn, Email: johnson1639@thielgroup.com
Username: jerome.gusikowski, Email: schneider2000@skilescollins.com
Username: clemencia.gusikowski, Email: dach8265@yostandsons.com
Username: ettie.okuneva, Email: weissnat6891@batzgroup.com
Username: magdalena.kutch, Email: goldner105@jakubowskiandsons.com
Username: thalia.bernhard, Email: wiegand6275@bergeolsonandcremin.com
Username: josue.wuckert, Email: wolf5568@okonandsons.com
Username: ligia.howe, Email: witting6483@bashirianbartellandokon.com
Username: antone.wolf, Email: moore2055@cronagroup.com
Username: alissa.roob, Email: spinka4034@grahamkingandmcglynn.com
Username: thuy.balistreri, Email: white5316@colliergroup.com
Username: dori.ankunding, Email: barton5690@weimannritchie.com
Username: alyson.runte, Email: oberbrunner9295@simonismaggioandrippin.com
Username: lorrie.cartwright, Email: considine6785@rueckerllc.com
Username: larita.russel, Email: mills5492@robelandsons.com
Username: percy.bechtelar, Email: blick294@lefflerandsons.com
Username: ulysses.sanford, Email: gusikowski4205@schmittschultz.com
Username: barney.paucek, Email: flatley8391@mannllc.com
Username: neil.carroll, Email: shanahan9922@goyettekoss.com
Username: bella.funk, Email: carroll3475@ornvandervortandthompson.com
Username: carroll.koss, Email: hermann5352@mcculloughinc.com
Username: joanna.satterfield, Email: flatley7560@mayerinc.com
Username: mimi.moore, Email: hayes1508@braunschiller.com
Username: cristobal.larson, Email: walter3670@turcottegroup.com
Username: abdul.morissette, Email: mcglynn1367@thielfadelandcarter.com
Username: abe.gibson, Email: steuber2633@kuhlmanandsons.com
Username: boyd.johnston, Email: emmerich2693@blockhuelsandfritsch.com
Username: matilde.dare, Email: roob3211@hicklellc.com
Username: kip.little, Email: klein6298@hoegerschmelerandjaskolski.com
Username: otha.walter, Email: donnelly6126@turnerbergstrom.com
Username: bennie.tremblay, Email: kunde4733@dooleygoyette.com
Username: emile.kling, Email: tromp5518@muellerandsons.com
Username: candace.mcdermott, Email: thiel9258@marksthiel.com
Username: carlos.wilderman, Email: hauck4683@kuvaliskulas.com
Username: ida.cronin, Email: damore106@friesenvolkman.com
Username: jamaal.spencer, Email: mueller7597@blickmcdermottandpowlowski.com
Username: saran.hane, Email: lockman7544@bartolettillc.com
Username: kenya.jacobi, Email: johnston834@friesenschusterandreichel.com
Username: viva.huel, Email: denesik109@mosciskigorczanyandmayer.com
Username: vesta.schuppe, Email: doyle2704@willmsandsons.com
Username: johnathan.grady, Email: howell1363@wintheisercarterandschiller.com
Username: luke.volkman, Email: nikolaus950@bodegroup.com
Username: aurore.hand, Email: schumm2870@monahanllc.com
Username: felipe.wuckert, Email: schmidt472@stokeshettingerandrolfson.com
Username: alline.shields, Email: gorczany721@mannhackettandhackett.com
Username: piper.abbott, Email: stanton8296@sawayngraham.com
Username: herman.dickinson, Email: stoltenberg8074@grantroob.com
Username: benedict.white, Email: frami9996@schoenandsons.com
Username: kellee.lehner, Email: kshlerin8673@terryandsons.com
Username: jeanice.nolan, Email: koss9779@daviskrisandaltenwerth.com
Username: vernon.beier, Email: howell6891@barrowsemard.com
Username: lamont.hermann, Email: brakus7933@klockosawayn.com
Username: trey.nienow, Email: williamson9946@blandagroup.com
Username: blair.reynolds, Email: rippin7347@stiedemanncruickshank.com
Username: teodoro.hickle, Email: gleichner2700@ullrichmorar.com
Username: kyung.franecki, Email: bayer4872@steubermannandjohnston.com
Username: wilbur.bahringer, Email: mitchell9160@hirthebecker.com
Username: carol.anderson, Email: hane9124@hegmannabbott.com
Username: keisha.heathcote, Email: price3543@dubuquebatzandgorczany.com
Username: leland.nikolaus, Email: klocko2751@wildermanwehner.com
Username: carlie.herzog, Email: zemlak3439@bauchwillandbosco.com
Username: kamilah.lang, Email: aufderhar2405@jerdekuvalisandaufderhar.com
Username: normand.satterfield, Email: hane9751@pollichkrajcikandokon.com
Username: karri.bauch, Email: renner7180@gerholdkrajcikandgreen.com
Username: britt.bergnaum, Email: hettinger7971@russelandsons.com
Username: chris.wolf, Email: bogisich6321@kilbackgroup.com
Username: kelvin.greenholt, Email: dickinson1922@sengerkrajcikandbeahan.com
Username: wade.koepp, Email: effertz4940@gradyemard.com
Username: meghan.mraz, Email: gleason4449@okunevaboreranddooley.com
Username: brendan.swift, Email: bednar7076@krajcikfeest.com
Username: almeta.koch, Email: hintz9965@kerlukeinc.com
Username: greg.cummerata, Email: conn9320@tillmanandsons.com
Username: cortez.lueilwitz, Email: zulauf7955@kuvalisbrekke.com
Username: svetlana.harris, Email: beier7014@kirlingroup.com
Username: nathan.senger, Email: hegmann8589@littlegroup.com
Username: lasandra.hudson, Email: ondricka8284@ziemannhayesandharber.com
Username: ollie.mann, Email: shanahan8680@maggioparkeranddickinson.com
Username: yong.funk, Email: johns3124@okunevakrajcikandgutkowski.com
Username: maximo.west, Email: gorczany2422@kassulkepourosandconroy.com
Username: andrew.torphy, Email: ondricka9461@wildermangroup.com
Username: hayden.hand, Email: goyette5625@torprunolfssonandyundt.com
Username: judson.rau, Email: morissette8781@schneiderandsons.com
Username: davina.johnson, Email: padberg9067@vandervortllc.com
Username: preston.mckenzie, Email: davis7793@bartolettiinc.com
Username: ahmed.watsica, Email: rempel978@hesselkautzer.com
Username: chadwick.koch, Email: ratke8542@gleasonllc.com
Username: savanna.nader, Email: walter1623@okeefewelch.com
Username: bettye.schamberger, Email: hayes8488@mertzllc.com
Username: fletcher.dietrich, Email: rice6186@dickikertzmann.com
Username: bobbie.wolf, Email: pollich7816@nitzscheinc.com
Username: maxie.klein, Email: dach1897@mckenziewintheiserandbradtke.com
Username: evon.nicolas, Email: leuschke5503@spencerinc.com
Username: lucius.barrows, Email: thompson1266@lehnerpacochaandkoss.com
Username: troy.macejkovic, Email: krajcik7280@nicolasfarrellandsimonis.com
Username: bradly.littel, Email: schuster6682@kilbackandsons.com
Username: geraldo.bauch, Email: botsford8929@auerinc.com
Username: tonie.prosacco, Email: barton4673@greenandsons.com
Username: ema.steuber, Email: murray90@koeppandsons.com
Username: felix.schaefer, Email: vonrueden2642@beattyandsons.com
Username: leta.boyer, Email: murphy8505@bernhardjohnston.com
Username: retha.kris, Email: reichel3047@swiftkohler.com
Username: porfirio.reinger, Email: swift7134@oreillybergnaumandsmith.com
Username: andrea.okeefe, Email: runolfsson5544@beckerlehner.com
Username: shenita.weissnat, Email: rippin5195@durgankulas.com
Username: keva.koepp, Email: lowe5746@kuhicbrakusanddonnelly.com
Username: drew.ryan, Email: ohara8740@sanfordboyle.com
Username: gary.jaskolski, Email: schultz9662@colegoldner.com
Username: keiko.reichert, Email: harvey2730@stehrllc.com
Username: miranda.beahan, Email: waelchi2508@johnsonglover.com
Username: tony.oreilly, Email: johnson5784@prosaccowitting.com
Username: armand.rempel, Email: emard8429@kubwolffandhegmann.com
Username: billie.lang, Email: schmitt9418@gerlacharmstrongandwyman.com
Username: lane.mclaughlin, Email: friesen2124@mannschuster.com
Username: margherita.konopelski, Email: ohara6436@hoegerbrakusandreichel.com
Username: santos.schneider, Email: lehner1085@mantehirthe.com
Username: harlan.smith, Email: klocko675@cruickshankstreichandledner.com
Username: carman.kuvalis, Email: veum8894@rowegottlieb.com
Username: russ.donnelly, Email: parisian9408@macejkovicwymanandkreiger.com
Username: mercedez.prohaska, Email: dare480@schimmelchristiansenandpredovic.com
Username: bettyann.doyle, Email: stark9797@dubuqueandersonandaltenwerth.com
Username: rutha.metz, Email: hyatt9797@yostandsons.com
Username: colin.kutch, Email: strosin4919@weberllc.com
Username: susan.stroman, Email: hettinger8207@hahndouglasandkilback.com
Username: ralph.dach, Email: mann6247@langkling.com
Username: stepanie.hill, Email: olson2744@gorczanyjacobsonandkilback.com
Username: moises.runolfsson, Email: lesch5096@bernhardllc.com
Username: kai.champlin, Email: hermiston6990@haleygislasonandboyer.com
Username: wilhelmina.adams, Email: terry5648@oconnercoleandspencer.com
Username: virgil.hessel, Email: denesik1425@harveybotsford.com
Username: ambrose.schmeler, Email: gutmann2369@borerwillmsandmarvin.com
Username: claude.beier, Email: homenick1822@baumbachllc.com
Username: sarah.koepp, Email: pouros5936@abernathyinc.com
Username: vannessa.russel, Email: breitenberg5798@raynorblick.com
Username: rickey.purdy, Email: feil2820@terrylanganddubuque.com
Username: herb.schaefer, Email: moore3438@nicolasoconner.com
Username: ehtel.barton, Email: dickens6363@willmsinc.com
Username: gene.gottlieb, Email: senger3820@streichinc.com
Username: ayanna.morar, Email: kilback9526@cummeratawildermananddonnelly.com
Username: fritz.gorczany, Email: cruickshank6298@kshlerinllc.com
Username: susy.baumbach, Email: prohaska2613@larkinromaguera.com
Username: royal.gerlach, Email: stracke8760@parisianinc.com
Username: rachael.franecki, Email: terry5660@lehnerhowe.com
Username: ricardo.swift, Email: gislason6664@prohaskainc.com
Username: dusty.turner, Email: luettgen5815@naderernserandlittel.com
Username: elenora.jacobson, Email: parker5816@mclaughlinvandervort.com
Username: gus.huels, Email: hermann4845@gutmanngroup.com
